combined,language,queue
"Security Operations Center DevSecOps Surveillance Notification Issue [SEP] Dear Support Team,\n\nWe are currently facing a persistent problem involving the SOC DevSecOps surveillance of Ubuntu 20.04 systems used in IoT medical devices. It seems that potential network sensor misconfigurations may have caused a series of continuous alerts. We have already rebooted the associated services and examined the SOC dashboard; however, the issues continue. Kindly assist us in diagnosing and resolving this problem promptly to ensure the seamless operation of device monitoring.\n\nWe appreciate your quick support.\n\nBest regards,\n[Your Name]",en,Human Resources
"Detection of Unauthorized Access Attempt [SEP] An unauthorized access attempt was detected on the hospital's network. This may have occurred due to outdated security protocols. We have updated access credentials and conducted a basic security audit. The issue has been thoroughly investigated to prevent future occurrences. Our team is working diligently to ensure the security of the network. Please stay updated on the developments. If you have any questions or concerns regarding this matter, please let us know.",en,Human Resources
"Inquiry on Integration Options for IBM Cloud [SEP] Seeking information on integration options available for our project management SaaS on IBM Cloud. Could you provide details on available integration options, APIs, webhooks, and pre-built connectors? Also, please share any documentation guides that could assist in the integration process.",en,Human Resources
"Problem with Monday.com Tools on Monday [SEP] Customer Support,<br>The marketing agency encountered integration difficulties with Monday.com tools on Monday, which has disrupted the workflow and project management. It may be due to recent software updates. So far, our troubleshooting efforts have included restarting applications and checking for compatibility updates, but the issues still persist.<br>We are concerned as this may affect project deadlines and overall performance. We would greatly appreciate it if you could look into this matter urgently and provide a solution or guidance to resolve the issue.<br>Please",en,Human Resources
"Recent Update Caused Multiple Product Integration Failures [SEP] Reporting a problem with multiple product integrations, such as iOS and Linux, which unexpectedly failed after the recent platform update. The likely cause appears to be conflicts introduced by the latest update. Troubleshooting efforts including system restarts and patch verifications have not resolved the issue. We would appreciate prompt assistance to resolve this matter. Please advise on the necessary steps to address the problem.",en,Human Resources
"Support Inquiry for Possible Data Breach [SEP] There appears to be a potential data breach in the healthcare provider's system, which may be due to an unauthorized access vulnerability.",en,Human Resources
"Required Assistance with Digital Strategy [SEP] Our recent campaign has been hampered by digital strategy tools that have malfunctioned, resulting in delays in our brand growth metrics. This issue might be due to compatibility problems arising from recent software updates to our existing systems. We have already tried reinstalling the applications and verifying system compatibility, but these steps did not resolve the problem. We require your assistance to resolve this issue and get our campaign back on track.",en,Human Resources
Technical Issue with Investment Software [SEP] There was a crash in the investment optimization software,en,Human Resources
"Assistance Needed with Digital Marketing Challenges [SEP] Dear Customer Support, I am seeking help with our digital marketing initiatives. Our marketing agency is having difficulty boosting brand growth through digital strategies. Even after updating campaign plans, improving SEO, and ramping up social media efforts, progress remains limited. The issue might stem from unclear target audience analysis or inconsistent content. We have tried various methods, but the results continue to be unsatisfactory. I would be grateful for your advice and recommendations to address these issues.",en,Human Resources
"Request for Information on SaaS Integration Capabilities [SEP] Is it possible to integrate SAP ERP, Salesforce CRM with a SaaS solution? Could you provide details on the available APIs, implementation timelines, and any other relevant information?",en,Human Resources
Rails Support for Kubernetes Deployment [SEP] Can you offer assistance with integrating a Ruby on Rails 6.1 scalable project management SaaS within a Kubernetes environment? I require help with deployment setup and configuration.,en,Human Resources
"Guidance on Using OBS Studio for Investment Data Presentations [SEP] Dear customer support, I am seeking guidance on how to utilize OBS Studio 27 for presenting investment data in a way that is both engaging and informative. Could you please inform me about the features and tools available in the software that would help me create such presentations? Additionally, I would be grateful for any tips or practices that could help me use OBS Studio 27 effectively for this purpose. I am looking forward to your guidance and any resources you can provide. Thank you for your time and assistance. I look forward to hearing back soon.",en,Human Resources
"Enhancing Security for Medical Data in Hospitals [SEP] Customer Support, reaching out to discuss methods for securing medical data within hospital infrastructure. Currently using SAP ERP and SQL Server to manage patient records with sensitive information. Need details to ensure the confidentiality, integrity, and availability of this data. Concerned about potential security breaches and want to take proactive measures to protect patients' information. Specifically, interested in learning about encryption methods, access controls, and auditing processes.",en,Human Resources
Request for Clarification on Digital Promotion Strategies for Gaming Products [SEP] Could you provide more details on digital strategies to promote gaming products? Thank you!,en,Human Resources
"HDMI Cable Connection Troubles [SEP] Dear Customer Support Team,\n\nI am reaching out for help concerning an abrupt and ongoing issue with my ASUS Xonar AE sound card. Recently, the device suddenly ceased transmitting audio via the HDMI port. I suspect the problem may be related to the Belkin Ultra HD High-Speed HDMI cable in use, as the issue arose without any noticeable changes to the setup or software.\n\nAs an initial step, I verified that the HDMI cable was properly connected to ensure proper contact.",en,Human Resources
Problem with Delayed Payroll Processing [SEP] There have been complaints about payroll processing delays. A system glitch might be the cause. We have reviewed the software and employee data but have not found a solution yet.,en,Human Resources
Support Required for Data Analytics Services [SEP] Would you like to know more about our data analytics services?,en,Human Resources
"Query Regarding Medical Data Security Incident [SEP] There was an incident involving potential unauthorized access to our medical data systems. This is likely due to inadequate security protocols and software vulnerabilities. We have updated the software and reviewed access logs, identifying some anomalies. We need your assistance to further investigate and enhance our security measures.",en,Human Resources
"Concerns with Data Analytics Software [SEP] An employee has reported issues with the data analytics software, which is causing delays in investment optimization. The problem might have arisen due to recent system updates. The team has already restarted the software and checked for updates, but the issue still persists. We would greatly appreciate your assistance in resolving this matter as soon as possible to minimize delays.",en,Human Resources
"Financial Corporation Encounters Integration Challenges with Investment Data [SEP] A financial corporation faced difficulties integrating data across multiple products, impacting their investment data analysis. The probable cause identified was conflicts between software versions. Efforts to resolve the problem involved rebooting systems and updating essential applications.",en,Human Resources
Assistance with Crash of Data Analytics Tool [SEP] The data analytics tool encountered a crash during investment analysis due to incompatible software updates.,en,Human Resources
"Human Resources Concern [SEP] Customer Support reports an incident affecting the HR queue impacting the SaaS platform. The suspected cause is a potential server overload due to a configuration mistake. Troubleshooting steps included restarting services, reviewing logs, and scaling resources. Despite these efforts, the problem remains unresolved and requires further assistance. Kindly review the situation and offer a solution at your earliest convenience. Additionally, guidance on preventing similar incidents in the future would be appreciated. Please keep us informed.",en,Human Resources
"Digital Strategies Completely Unsuccessful [SEP] The digital strategies employed by the marketing agency did not succeed in enhancing brand growth, likely due to ineffective targeting. Efforts such as campaign modifications were made, yet results remain unchanged. Despite these efforts, the brand's online visibility has improved somewhat, but engagement metrics continue to be low. It is crucial to re-evaluate the targeting methods and consider alternative strategies to reach the intended audience. A thorough analysis of the campaign's performance and a revised action plan are necessary to achieve the desired results.",en,Human Resources
"Assistance with Marketing Support [SEP] Marketing digital initiatives have been hindered by software compatibility issues and team collaboration challenges. These problems may stem from outdated tools and differing operating systems. Updates have been attempted, as well as team training.",en,Human Resources
"Urgent Update Needed for Digital Marketing Plans [SEP] Dear Customer Support, I am writing to request an update on the digital marketing strategies, as they impact multiple products. Our objective is to boost brand visibility and increase customer engagement. Currently, the strategies are not delivering the expected results, so a reassessment of our approach is necessary. I would like to arrange a meeting with the marketing team to discuss possible adjustments and the implementation of new tactics. These could include social media campaigns, email marketing, and search engine optimization. I believe that with the right strategy, we can achieve our goals.",en,Human Resources
Rails and Kubernetes Integration Assistance [SEP] Can you offer guidance on integrating a Ruby on Rails 6.1-based scalable project management SaaS with Kubernetes? I require support with deployment setup and configuration.,en,Human Resources
"HR-Related Concern [SEP] Customer Support is documenting an incident report related to the HR queue impacting the SaaS platform. The problem is believed to be caused by a server overload due to a configuration mistake. Troubleshooting steps included restarting services, reviewing logs, and increasing resources. Despite these efforts, the problem continues, and assistance is needed to resolve it. Kindly look into this matter and offer a solution at your earliest convenience. Your guidance to prevent similar incidents in the future would be appreciated. Please inform us of any updates.",en,Human Resources
"Support Request for Data Security Incident [SEP] An incident involving data security has affected the hospital's systems, likely due to outdated software vulnerabilities. Despite updating security settings and scanning for breaches, the issues continue. Assistance in resolving this matter is needed.",en,Human Resources
"Enquiry About Customization Options for SaaS Project Management Features [SEP] Could you furnish details on the customization options for SaaS project management features? I am keen to learn about a platform that can be tailored to meet specific requirements. Please provide information on the available features, limitations, and any constraints.",en,Human Resources
"Concern About Data Breach in Hospital Systems [SEP] A data breach has been identified in the hospital's systems, which could expose medical records. This issue might be due to obsolete security protocols and insufficient staff oversight. It is recommended to update software, provide staff training, and enhance data protection to ensure security.",en,Human Resources
"Concern Regarding Monday.com Integration Issues [SEP] Customer Support, <br>Our marketing agency encountered integration problems with Monday.com tools on Monday, which impacted workflow and project management. It might be related to recent software updates. Despite our troubleshooting, such as restarting applications and verifying compatibility updates, the issues persist. <br>We are concerned as this may affect project deadlines and overall performance. We would greatly appreciate it if you could look into this matter urgently and provide a solution or guidance to resolve the issue. <br>Please",en,Human Resources
Concern about Data Analytics Tool [SEP] The data analytics tool is generating inconsistent results. Recent software updates might be causing data input errors. Efforts to revert to previous versions and validate input data were unsuccessful.,en,Human Resources
Potential Data Breach in Healthcare System [SEP] There is a potential data breach detected in the healthcare system. Unauthorized access may have occurred due to outdated security protocols. An initial audit has been conducted and software has been updated.,en,Human Resources
Data Analytics Problem Leads to Setbacks in Investment Optimization [SEP] An issue with data analytics resulted in delays in the investment optimization procedures.,en,Human Resources
"Unauthorized Intrusion into Hospital Networks [SEP] We have encountered multiple unauthorized intrusion attempts into our hospital networks, potentially due to insufficient credential security policies. We are addressing this issue by resetting user passwords, enhancing system monitoring, and taking it very seriously to prevent further incidents. We will continue to observe the situation and implement additional security measures as necessary. Protecting patient data remains our highest priority. Please keep us informed of any new developments.",en,Human Resources
"Employee facing connectivity problems with WhatsApp Desktop on Acer Predator XB273K Monitor [SEP] Apologies for the connectivity issues with WhatsApp Desktop on your Acer Predator XB273K Monitor. Could you please provide more details, any error messages, and the troubleshooting steps you have already taken? I would like to schedule a call at <tel_num> for your convenience to assist with this matter.",en,Human Resources
"Assistance Required for ActiveCampaign and Squarespace Integration [SEP] Dear Customer Support, I am seeking guidance on integrating ActiveCampaign with Squarespace to optimize my marketing automation workflows. I am attempting to set up the integration but am encountering difficulties in getting it to function properly. Could you please provide detailed, step-by-step instructions or direct me to helpful resources to complete the integration? Additionally, I would appreciate any best practices or tips for effectively using ActiveCampaign with Squarespace to create efficient marketing automation processes. Thank you for your time and assistance. I look forward to your response.",en,Human Resources
"Financial Organization Encounters Integration Challenges with Investment Data [SEP] The financial organization faced difficulties integrating data across different products, impacting investment data analysis. Potential reason identified: software version mismatches. Efforts to resolve included system restarts and updating essential applications.",en,Human Resources
"Clarification on AR Brille Integration Compatibility [SEP] Hi Customer Support, I'm writing to inquire about the compatibility of the AR-Brille project management software with other systems. Could you provide detailed information on how these systems can work together seamlessly? I am particularly interested in understanding the technical requirements as well as any potential limitations. Additionally, I would appreciate any documentation or resources that could help me better understand the integration process. I am looking forward to your response as we explore how AR-Brille can enhance our project management capabilities. Thank you for your time and assistance. I am excited to learn more about this innovative solution.",en,Human Resources
"Integration with Docker [SEP] Customer Support, interested in understanding how Docker is integrated into the SaaS project management platform. Could you provide detailed information on how Docker is used within the platform? This would be greatly appreciated, especially regarding the benefits it brings, such as improved deployment efficiency and enhanced collaboration. Additionally, could you share specific requirements or recommendations for using Docker with the platform? Thank you for your time and assistance. I look forward to hearing back soon.",en,Human Resources
Discrepancies in Investment Data Analysis [SEP] A financial organization encountered irregularities in their investment data analysis outcomes. The preliminary steps to resolve this involved updating the software and restarting the system.,en,Human Resources
"Assistance with Medical Data Security Protocols [SEP] Customer Support is reaching out to inquire about best practices for safeguarding medical information within hospital systems on WhatsApp Desktop. As you may be aware, medical data is extremely sensitive and demands careful management concerning its storage and security. We would be grateful for guidance on how to maintain confidentiality, integrity, and availability of this data. Specifically, we are interested in understanding the encryption techniques, access restrictions, and data backup strategies in place to protect medical information. Furthermore, we would like to discuss...",en,Human Resources
Problem with Investment Data Analysis [SEP] A financial organization encountered disruptions impacting the analysis of investment data across several products. The potential reason identified is integration conflicts. The initial steps taken included restarting the impacted software and verifying connectivity to cloud services. Further investigation is ongoing.,en,Human Resources
Potential Data Compromise [SEP] A potential data compromise has been detected in the hospital's systems.,en,Human Resources
"Incident Report: Exposure of Healthcare Provider Data [SEP] Customer Support,<br><br>We are notifying you of a potential data exposure incident impacting the hospital's systems. The issue appears to be linked to misconfigured network settings, which may have permitted unauthorized access to sensitive information.<br><br>Our preliminary audit involved adjusting firewall configurations, which has fully resolved the problem. We seek your assistance to verify that security measures are properly in place. We would appreciate your guidance and support to help us resolve this matter promptly.",en,Human Resources
"Issue with Access to SaaS Functionality Reported [SEP] There has been a sudden failure in accessing critical SaaS functionalities, which might be due to a server overload configuration issue. An attempt was made to restart the affected applications.",en,Human Resources
Alert on Security Incident [SEP] Noted unauthorized access attempts occurred,en,Human Resources
Issue with Team Meeting Scheduling Conflict Today [SEP] There is an internal scheduling conflict due to poor management practices.,en,Human Resources
"Recent Update Causes Failure in Multiple Product Integrations [SEP] Reporting an issue where several product integrations, such as iOS and Linux, have unexpectedly failed after the recent platform update. The probable cause appears to be conflicts introduced by the latest update. Troubleshooting efforts, including system restarts and patch verifications, have not resolved the problem. We would appreciate prompt assistance in resolving this matter. Please advise on the necessary steps to address the issue.",en,Human Resources
Report of Security Incident Submitted [SEP] A security incident has been detected and is impacting the integrity of medical data.,en,Human Resources
"Concerns Over Team Communication [SEP] Customer Support, <br><br>I am reporting an issue that is impacting the team's productivity and morale. Several employees have mentioned feeling excluded from team communications, which may be due to unclear information distribution. <br><br>In an effort to address this, I have reviewed the message logs to identify any gaps in communication and ensured that the affected employees are included in the relevant team channels. However, the problem continues, and I need assistance in resolving it. <br><br>We believe the issue lies",en,Human Resources
Guidelines for Securing Medical Data with Oracle Database 19c [SEP] Could you provide detailed practices for securing medical data using Oracle Database 19c? I am particularly interested in learning about the latest security features and how to implement them effectively. Could you also recommend steps for encrypting sensitive data and controlling access to it? Are there any specific configurations or settings that I should be aware of? I would appreciate your guidance and any resources you can provide on this topic.,en,Human Resources
"Reported Problem with Login Latency [SEP] Users are experiencing delays when logging in on various platforms. Recent modifications to the firewall might be responsible, as changes to firewall rules could be affecting authentication traffic. Restarting the firewalls and clearing their caches has been effective in resolving the problem.",en,Human Resources
"Interdisciplinary Agile Teams [SEP] Dear Customer Support Team,\n\nI hope this message reaches you well. I am seeking comprehensive details regarding the configurations of interdisciplinary Agile teams, with particular emphasis on methodologies that incorporate AI-powered resource management and Kubernetes orchestration within SaaS environments. Our team intends to improve efficiency and scalability by adopting these sophisticated approaches and would highly value any provided documentation.\n\nWould you be able to share relevant resources, case studies, or whitepapers demonstrating successful integrations by organizations?\n\nThank you for your assistance in understanding these structures. Please specify which SaaS platforms and tools are involved so we can customize the resources accordingly. Also, inform us if a follow-up call is preferred.",en,Human Resources
"Enquiry on Customization Options for SaaS Project Management Tools [SEP] Could you furnish details on the customization options for SaaS project management features? I am keen to learn about a platform that can be tailored to meet our specific needs. Please provide information on the available features, limitations, and any constraints.",en,Human Resources
"Issue with Task Synchronization in Project Management SaaS via Outlook [SEP] Customer Support, facing task synchronization failures with our project management SaaS tool integrated with Outlook. It seems recent API updates might be the cause. We have attempted reconnecting and clearing the cache, but the issue still persists. We would appreciate your assistance in resolving this issue.",en,Human Resources
Alert for Unauthorized Access Triggered Today [SEP] An unauthorized access alert was triggered on the hospital's system. This may have occurred due to a potential phishing attempt involving employee credentials. Passwords have been changed and user activity is being monitored for any unusual behavior.,en,Human Resources
Request for Information on Securing Medical Data with AWS Hospital Systems [SEP] Could you provide details on securing medical data using AWS hospital systems while ensuring HIPAA compliance to protect sensitive patient information?,en,Human Resources
"Healthcare Security Protocols [SEP] Dear customer support team, I am writing to inquire about the security protocols and measures in place at your hospital systems and healthcare services to protect the confidentiality and integrity of personal health information. Could you please provide detailed information on the measures implemented to ensure the secure storage, transmission, and access to medical records? Additionally, I would appreciate any information you can provide on the data protection policies and procedures. I look forward to hearing back from you.",en,Human Resources
Reported Incident Concerning Possible Security Violation [SEP] A report has been received regarding a potential security violation affecting the hospital's medical data security systems. The incident may have involved unauthorized access attempts. Initial troubleshooting steps included resetting passwords and monitoring network activity. Further investigation is necessary to identify the cause and assess the scope of the breach.,en,Human Resources
"Problem with Project Management Features [SEP] We are facing a significant issue with the project management features, which has affected a large number of users across various platforms. The issue seems to have started after recent software updates, suggesting potential compatibility problems. Despite efforts to troubleshoot, such as clearing cache, updating software versions, and running system checks, the issue remains unresolved. This is causing difficulties for affected users in managing projects, which is impacting productivity.",en,Human Resources
"Inquiry About AR Brille Compatibility [SEP] Customer Support, I am reaching out to inquire about the compatibility of the AR-Brille project management software. Could you provide details on how the two systems can work together seamlessly? I am particularly interested in understanding the technical requirements and any potential limitations. Additionally, I would appreciate any documentation or resources that could help me better understand the integration process. I am looking forward to hearing back from you as we explore how AR-Brille can enhance our project management capabilities. Thank you for your time and assistance. I am excited to learn more about this innovative solution.",en,Human Resources
"Employee Facing Connectivity Problems with WhatsApp Desktop on Acer Predator XB273K Monitor [SEP] We apologize for the connectivity issues you're experiencing with WhatsApp on your Desktop Acer Predator XB273K Monitor. Could you please provide more details, any error messages, and the troubleshooting steps you've already taken? We would like to schedule a call at your convenience. You can reach us at <tel_num>.",en,Human Resources
Digital Marketing Assistance Team [SEP] Would you be able to share details about digital marketing tactics that boost brand development and engagement?,en,Human Resources
Detected Unauthorized Access Attempt Quickly [SEP] An unauthorized access attempt was detected on our hospital's network. This may have occurred due to outdated security protocols. We have since updated access credentials and conducted a basic security audit. The issue has been thoroughly investigated to prevent future occurrences. Our team is working diligently to ensure the security of our network. We will keep you updated on any developments. Please feel free to let us know if you have any questions or concerns regarding this matter.,en,Human Resources
Query on Gaming Product Digital Promotion Tactics [SEP] Could you furnish more information on digital strategies for promoting gaming products? Thank you!,en,Human Resources
"System Issue [SEP] Customer Support reports that an incident affecting multiple products led to unexpected system slowdowns during peak hours. The root cause is suspected to be resource contention within the cloud infrastructure. Initial troubleshooting steps included restarting impacted services and reviewing recent configuration modifications, but these efforts did not resolve the problem. The team is still investigating the cause to prevent future incidents. Please inform us if additional information is required.",en,Human Resources
"Several Equipment Failures [SEP] Support Team,\n\nNumerous gadgets are experiencing failures during daily activities. We believe the root cause might be linked to recent modifications in the network power configuration impacting the hardware. We have attempted basic troubleshooting measures such as restarting the devices and inspecting the connections, but these efforts have not resolved the issue. We would be grateful for prompt assistance to address this problem.\n\nThank you.",en,Human Resources
Please update integration settings [SEP] We need to enhance the compatibility of the integration settings with Node.js project management tools to improve performance.,en,Human Resources
"Security Alert [SEP] Customer support at a healthcare provider has identified a potential unauthorized access to medical data within hospital systems. The issue may stem from insufficient access controls, with initial firewall adjustments and password resets attempted but not fully resolved. This situation demands immediate action to prevent data breaches and safeguard patient information. Please investigate the matter thoroughly and provide a comprehensive plan to strengthen the infrastructure and prevent similar incidents in the future. This includes reviewing access permissions and security configurations.",en,Human Resources
"Request for Assistance with Smart Home Camera Support [SEP] Dear Customer Support,\n\nI am reaching out to inquire about digital strategies implemented by your company to enhance products related to Smart-Home Cameras. I would like to understand the measures taken to improve overall user experience, security, and device functionality.\n\nCould you please provide information regarding upcoming software updates, new features, and integrated technologies?\n\nI am also interested in learning about potential partnerships and collaborations aimed at developing and improving these products.\n\nAdditionally,",en,Human Resources
"Enquiry on Scalability Features of Project Management SaaS [SEP] Inquiring about the scalability capabilities of the project management SaaS platform. Could you provide comprehensive details on how the platform manages increased user data? I would greatly appreciate any information you can offer on scalability, including any limitations or potential bottlenecks. Additionally, could you share any insights into future development plans aimed at improving scalability? Thank you for your assistance, and I look forward to hearing back soon.",en,Human Resources
"Support Problem with Data Analytics Tool [SEP] The data analytics tool encountered a crash, disrupting investment analysis because of incompatible software updates.",en,Human Resources
"Urgent Alert: Medical Data Breach Identified [SEP] An unusual access to the healthcare provider's secured medical records has been observed, suggesting a possible security breach. The incident is likely caused by phishing or malware activity. Credentials have been reset, and network monitoring is ongoing, but the issue remains unresolved. Assistance is urgently required to address and resolve the security concern promptly to safeguard medical information.",en,Human Resources
Proper Security Measures for Medical Data [SEP] Could provide details on securing medical data within hospital systems? It is crucial to protect sensitive patient information. I would greatly appreciate guidance on best practices and protocols to ensure confidentiality and integrity of medical records. Thank you for your time and assistance; I look forward to hearing soon.,en,Human Resources
Issue with Software Crash in Investment Optimization [SEP] The software experienced a crash during the investment optimization process.,en,Human Resources
Immediate Update of Software Licenses [SEP] Request for updating software licenses to enhance analytics tools and improve investment optimization processes.,en,Human Resources
Support for Upgrading Employee Training Programs [SEP] Request for enhancing employee training programs through the use of analytics tools. Aim to improve investment optimization skills within the organization. The goal is to equip employees with data-driven decision-making abilities to lead to better investment choices and increased returns. We believe this will have a positive impact on the company's performance and growth.,en,Human Resources
"Concerns About Team Communication [SEP] Customer Support,\n\nI am writing to report an issue that is impacting the team's productivity and morale. Employees have expressed feeling excluded from team communications, which may have led to unclear information distribution. \n\nIn an effort to address this issue, I reviewed the message logs to identify any potential gaps in communication. I also ensured that the affected employees were included in the relevant team channels. However, the problem continues to persist, and I require assistance in resolving it.\n\nWe believe that the issue",en,Human Resources
Concerns about Data Analytics Tool [SEP] The data analytics tool has been generating inconsistent results. It seems recent software updates might be the cause of input errors. Efforts to revert to previous versions and validate input data have been unsuccessful.,en,Human Resources
"Strategic Improvement of Brand Expansion [SEP] We are seeking to understand the digital strategies utilized by your organization to boost brand development. Could you please share comprehensive details about the digital approaches your company employs to promote brand growth? Any relevant data, case studies, or examples would be highly valuable. This information will help us better grasp the strategies' advantages and enable us to make informed decisions regarding potential collaborations.",en,Human Resources
"Guidance on Securing Medical Data in Oracle [SEP] I would like to know the best practices for securing medical data in the Oracle Database 19c. Could you provide details on the latest security features and how to implement them effectively? Specifically, what are the recommended steps for encrypting sensitive data and controlling access to it? Additionally, are there any specific configurations or settings that I should be aware of? I would appreciate any guidance or recommended resources on this topic.",en,Human Resources
Query Regarding Strategies for Brand Expansion [SEP] Would it be possible to share specifics on digital strategies that can enhance brand growth and engagement? This information would help us tailor our approach to provide you with better support. Thank you for considering our request!,en,Human Resources
"Enquiries on Marketing Strategies [SEP] The marketing agency's digital strategies for brand growth might show signs of misalignment with the target audience. This could be due to incorrect targeting or ineffective messaging. Previous measures included reviewing the strategy and making necessary adjustments to campaigns. Despite these efforts, results have not yet been evident. It may be essential to refine the strategy and reassess the current approach to identify areas for improvement and ensure that marketing efforts are aligned with the needs and preferences of the target audience.",en,Human Resources
"Support Required for Integrating Wolfram Mathematica [SEP] Seeking assistance with integrating Wolfram Mathematica into our current data analytics framework. Looking for detailed information on the process, including the necessary software and hardware requirements. Our goal is to leverage Mathematica's computational capabilities to enhance our data analysis. Specifically, we need details on the APIs and libraries that can facilitate this integration. Additionally, we would appreciate any available tutorials or documentation that can guide us through the process. We look forward to your assistance on this matter and await your response soon.",en,Human Resources
Reported issue with data analytics software during today's outage [SEP] The outage of the data analytics software impacted the investment optimization procedures.,en,Human Resources
"Security Incident Notification Received [SEP] A security incident has been identified, impacting the integrity of medical data.",en,Human Resources
"Revise Access Rights [SEP] Customer support is requesting an update to user access rights within the HR system for employees utilizing various integrated software tools. At present, employees encounter difficulties accessing specific features and data due to outdated permissions. We seek to have permissions revised to accurately mirror the current roles and responsibilities of the staff. This will help enhance efficiency and minimize mistakes. Kindly inform us of any information required to proceed with the update. Thank you.",en,Human Resources
"Concern Regarding Data Security Breach [SEP] An incident has led to potential exposure of medical data due to possible security loopholes. Preliminary evaluations indicate that outdated software and antivirus configurations are the suspected vulnerabilities. Despite efforts to update the antivirus software and secure access points, the issue remains unresolved. We request your guidance on steps to mitigate the risk and prevent similar incidents in the future.",en,Human Resources
Problem with QuickBooks Software Precision [SEP] Recently encountered issues with the accuracy of QuickBooks impacting financial reports.,en,Human Resources
Security Enhancement Notice [SEP] Applying security improvements strengthens system resilience and ensures compliance with data privacy standards.,en,Human Resources
Possible Data Compromise [SEP] A possible data compromise has been identified in the hospital's systems.,en,Human Resources
Enhancement of Data Analytics Platforms [SEP] Customer Support has submitted a request to upgrade the data analytics platforms to enhance the investment optimization procedures within the financial organization. The existing tools are outdated and obstruct our capacity to make well-informed decisions. We would like to arrange a meeting to explore possible solutions and decide on the next steps. Implementing new tools that deliver real-time data and predictive insights is essential for optimizing our investments. We believe that updating these tools is vital for the firm's continued success.,en,Human Resources
Issue Following Latest System Upgrade [SEP] Several users are experiencing difficulties accessing different products due to authentication failures. The recent system upgrade may be the underlying cause. Attempts to reset passwords have been unsuccessful. We request assistance to resolve this problem.,en,Human Resources
"Inquiry About Customization Options for SaaS Project Management Features [SEP] Could you provide details on the customization options available for the SaaS project management features? I am interested in learning how the platform can be tailored to meet our specific needs. Please provide information on the available features, limitations, and any constraints.",en,Human Resources
Strategies for Boosting Digital Brand Growth [SEP] Would appreciate it if you could share detailed digital strategies to enhance brand growth. Thank you for your support.,en,Human Resources
"Support Inquiry for Reported System Downtime [SEP] Hello Customer Support, I am reporting an issue with the system outage that has affected my ability to access our project management tools. It is possible this issue may have been caused by a recent software update. After attempting to restart the affected applications and devices, the problem still persists. I would greatly appreciate it if you could look into this matter and provide a solution at your earliest convenience. Please let me know if there is any additional information you need to facilitate the resolution of this issue. Thank you for your time and assistance with this matter. I look forward to your prompt response.",en,Human Resources
Reduction in Client Engagement Metrics [SEP] unusual decrease in agency metrics,en,Human Resources
"Health Support [SEP] Customer Support is reaching out to inquire about healthcare data security solutions and hospital service offerings. They would like detailed information on the types of services provided, including data encryption, secure storage, and network security. Additionally, they are interested in understanding your experience working with hospitals and healthcare providers. What distinguishes your services from others in the industry? They are eager to learn how your solutions help safeguard sensitive patient information and ensure regulatory compliance.",en,Human Resources
"Unforeseen Decline in Brand Engagement Metrics Noted [SEP] There has been a drop in brand engagement metrics. Recent adjustments to the algorithms may have missed the mark, leading to this decline. After analyzing the data and adjusting our strategies, we haven't seen the improvements we were hoping for yet.",en,Human Resources
